Built,n,prop
3.4.0,484,0.5727810650887574
3.4.1,103,0.12189349112426036
3.4.2,100,0.11834319526627218
3.4.3,158,0.18698224852071005
